Date,Views
2025-07-20,2
2025-07-21,1
2025-07-22,4
2025-07-23,5
2025-07-24,9
2025-07-25,4
2025-07-26,865
2025-07-27,476
2025-07-28,1128
2025-07-29,834
2025-07-30,341
2025-07-31,328
2025-08-01,290
2025-08-02,695
2025-08-03,522
2025-08-04,196
2025-08-05,96
2025-08-06,328
2025-08-07,901
2025-08-08,2126
2025-08-09,1074
2025-08-10,544
2025-08-11,1033
2025-08-12,530
2025-08-13,197
2025-08-14,207
2025-08-15,36
2025-08-16,6
2025-08-17,49
2025-08-18,138
2025-08-19,203
2025-08-20,196
2025-08-21,280
2025-08-22,377
2025-08-23,1878
2025-08-24,1411
2025-08-25,448
2025-08-26,921
2025-08-27,749
2025-08-28,181
2025-08-29,11
2025-08-30,4
2025-08-31,7
2025-09-01,5
2025-09-02,3
2025-09-03,9
2025-09-04,4
2025-09-05,49
2025-09-06,7
2025-09-07,80
2025-09-08,347
2025-09-09,601
2025-09-10,429
2025-09-11,243
2025-09-12,187
2025-09-13,72
2025-09-14,15
2025-09-15,73
2025-09-16,397
2025-09-17,429
2025-09-18,462
2025-09-19,492
2025-09-20,247
2025-09-21,56
2025-09-22,148
2025-09-23,178
2025-09-24,349
2025-09-25,370
2025-09-26,183
2025-09-27,107
2025-09-28,42
2025-09-29,6
2025-09-30,10
2025-10-01,9
2025-10-02,9
2025-10-03,10
2025-10-04,195
2025-10-05,27
2025-10-06,30
2025-10-07,426
2025-10-08,431
2025-10-09,210
2025-10-10,86
2025-10-11,80
2025-10-12,12
2025-10-13,42
2025-10-14,35
2025-10-15,19
2025-10-16,22
2025-10-17,9
